"","HIGHDEG","REGION","INSTNM","CITY","STABBR","LATITUDE","LONGITUDE","LOCALE","UGDS","ADM_RATE","C150_4","SAT_AVG","UGDS_BLACK","UGDS_WHITE","UGDS_HISP","UGDS_ASIAN","UGDS_AIAN","UGDS_NRA","RELAFFIL","COSTT4_A","PCTPELL","PCTFLOAN","CCBASIC"
"1",4,1,"Albertus Magnus College","New Haven","CT","41.332519","-72.923848","12","1249","NULL","0.4974","NULL","0.3467","0.4107","0.1529","0.0048","0.0024","0.0088","30","42641","0.442","0.8002","19"
"2",4,1,"University of Bridgeport","Bridgeport","CT","41.165587","-73.189352","12","3021","0.6072","0.295","899","0.376","0.2512","0.1658","0.0288","0.0079","0.148","-2","46680","0.4931","0.7132","18"
"3",4,1,"Central Connecticut State University","New Britain","CT","41.690258","-72.770094","21","9600","0.6044","0.5235","1015","0.1095","0.6649","0.1268","0.0355","0.002","0.0119","-2","20543","0.3464","0.5779","18"
"4",3,1,"Charter Oak State College","New Britain","CT","41.688246","-72.767972","21","1799","NULL","NULL","NULL","0.1784","0.6081","0.1306","0.0133","0.0033","0.0061","-2","NULL","0.288","0.3582","21"
"5",4,1,"Connecticut College","New London","CT","41.379833","-72.107321","13","1875","0.376","0.8296","NULL","0.0325","0.7189","0.0869","0.0347","0","0.0533","-2","60682","0.1436","0.4131","21"
"6",4,1,"University of Connecticut","Storrs","CT","41.806261","-72.247969","21","18016","0.4996","0.809","1246","0.0509","0.6168","0.0848","0.098","0.0012","0.0425","-2","26966","0.2066","0.4978","15"
"7",4,1,"Eastern Connecticut State University","Willimantic","CT","41.721673","-72.218753","31","4793","0.631","0.5626","NULL","0.0661","0.691","0.0916","0.0238","0.0017","0.0115","-2","23717","0.2753","0.6146","20"
"8",4,1,"Fairfield University","Fairfield","CT","41.160732","-73.25778","21","3841","0.7153","0.7996","NULL","0.0247","0.7514","0.0734","0.0187","0.0005","0.0234","30","57966","0.1322","0.5092","18"
"9",4,1,"Rensselaer Hartford Graduate Center Inc","Hartford","CT","41.773462","-72.673916","12","NULL","NULL","NULL","NULL","NULL","NULL","NULL","NULL","NULL","NULL","-2","NULL","NULL","NULL","19"
"10",4,1,"University of Hartford","West Hartford","CT","41.796485","-72.714965","12","4956","0.7213","0.527","1000","0.1493","0.5819","0.1031","0.0321","0.003","0.0573","-2","47114","0.2769","0.6877","17"
"11",3,1,"Mitchell College","New London","CT","41.328075","-72.095337","13","710","0.7004","0.4624","NULL","0.1493","0.6338","0.1197","0.0169","0.0169","0.0127","-2","44994","0.3661","0.6085","22"
"12",4,1,"University of New Haven","West Haven","CT","41.291314","-72.961472","21","4974","0.8086","0.496","1063","0.0917","0.5927","0.0997","0.0247","0.0032","0.0844","-2","49390","0.2463","0.6887","18"
"13",4,1,"Post University","Waterbury","CT","41.535334","-73.080525","22","6594","0.8707","0.2615","855","0.2008","0.3582","0.0657","0.0103","0.0047","0.0032","-2","34350","0.4695","0.5653","18"
"14",4,1,"Quinnipiac University","Hamden","CT","41.419527","-72.895542","21","6503","0.6591","0.7596","1104","0.0489","0.7678","0.0878","0.0258","0.002","0.0225","-2","55265","0.1574","0.6093","18"
"15",4,1,"Sacred Heart University","Fairfield","CT","41.221548","-73.24461","21","4904","0.5715","0.6697","NULL","0.0355","0.6925","0.0742","0.0212","0.0018","0.0104","30","52550","0.1887","0.6206","18"
"16",4,1,"University of Saint Joseph","West Hartford","CT","41.783028","-72.730489","13","930","0.7997","0.5067","969","0.157","0.5366","0.1538","0.0247","0.0022","0.0022","30","46088","0.3375","0.7626","18"
"17",4,1,"Southern Connecticut State University","New Haven","CT","41.331852","-72.948806","12","8133","0.7154","0.5287","932","0.1602","0.5757","0.1184","0.0273","0.0022","0.0038","-2","19704","0.3622","0.6214","18"
"18",4,1,"Trinity College","Hartford","CT","41.746746","-72.688684","12","2262","0.3304","0.8404","NULL","0.0592","0.6485","0.0698","0.0438","0.0009","0.0959","-2","62310","0.1073","0.2538","21"
"19",4,1,"Wesleyan University","Middletown","CT","41.55678","-72.656755","13","2907","0.2391","0.9273","NULL","0.0705","0.5329","0.0984","0.0867","0.0007","0.0853","-2","62849","0.1769","0.3524","21"
"20",4,1,"Western Connecticut State University","Danbury","CT","41.400365","-73.444264","13","5206","0.4003","0.4289","981","0.1199","0.6473","0.1612","0.0346","0.0017","0.0021","-2","22558","0.3092","0.5612","19"
"21",4,1,"Yale University","New Haven","CT","41.311158","-72.926688","12","5473","0.063","0.962","1493","0.0678","0.4705","0.11","0.1655","0.0064","0.104","-2","61620","0.1186","0.0934","15"
"22",4,1,"Kaplan University-Maine Campus","S Portland","ME","43.689847","-70.271145","13","1008","NULL","0.1612","NULL","0.0337","0.881","0.0308","0.0079","0.0069","0","-2","20224","0.7368","0.6812","23"
"23",4,1,"College of the Atlantic","Bar Harbor","ME","44.399584","-68.228849","33","365","0.711","0.7101","NULL","0.0082","0.7041","0.0575","0.0247","0.0055","0.1616","-2","49890","0.3876","0.6152","21"
"24",3,1,"Bates College","Lewiston","ME","44.105299","-70.203333","13","1773","0.2542","0.8848","NULL","0.0479","0.7186","0.0677","0.0462","0.0023","0.0688","-2","61000","0.1167","0.2859","21"
"25",3,1,"Bowdoin College","Brunswick","ME","43.906902","-69.965241","31","1797","0.1491","0.9303","NULL","0.049","0.6366","0.1274","0.0634","0.0011","0.0518","-2","59900","0.1421","0.2095","21"
"26",3,1,"Colby College","Waterville","ME","44.564211","-69.66337","33","1847","0.2805","0.9046","1333","0.0303","0.601","0.0612","0.0558","0.0016","0.1061","-2","59110","0.1203","0.2407","21"
"27",4,1,"Husson University","Bangor","ME","44.828888","-68.791323","13","2292","0.7195","0.4209","951","0.0375","0.894","0.0161","0.0061","0.0048","0.0275","NULL","25620","0.434","0.7447","19"
"28",3,1,"University of Maine at Augusta","Augusta","ME","44.337746","-69.796396","32","4094","NULL","0.1097","NULL","0.0103","0.8617","0.0154","0.0046","0.02","0.0046","-2","14469","0.5623","0.6092","22"
"29",4,1,"University of Maine at Farmington","Farmington","ME","44.668","-70.147469","33","1738","0.8455","0.5352","NULL","0.0196","0.8579","0.015","0.0081","0.0058","0.0023","-2","20989","0.484","0.7822","22"
"30",3,1,"University of Maine at Fort Kent","Fort Kent","ME","47.250306","-68.588364","43","956","0.7461","0.4955","899","0.0324","0.7437","0.0188","0.0063","0.0094","0.1161","-2","17932","0.3524","0.4582","22"
"31",3,1,"University of Maine at Machias","Machias","ME","44.709895","-67.456534","43","574","NULL","0.3143","NULL","0.0418","0.7753","0.0418","0.0087","0.0348","0.0157","-2","17503","0.3935","0.4417","21"
"32",4,1,"University of Maine","Orono","ME","44.895129","-68.67358","23","8682","0.8257","0.5966","1078","0.0223","0.8176","0.0249","0.0147","0.0111","0.0237","-2","22193","0.3345","0.6293","16"
"33",4,1,"Maine Maritime Academy","Castine","ME","44.3873","-68.803214","42","1031","0.7863","0.6966","1024","0.0058","0.9486","0.0078","0.0068","0.0029","0","-2","23940","0.2857","0.8078","22"
"34",3,1,"University of Maine at Presque Isle","Presque Isle","ME","46.672377","-68.016516","41","847","NULL","0.4303","NULL","0.0142","0.7981","0.0142","0.0024","0.026","0.0803","-2","16437","0.3998","0.4909","22"
"35",4,1,"University of New England","Biddeford","ME","43.458172","-70.385882","22","2217","0.8568","0.5661","1073","0.0144","0.7406","0.0014","0.0298","0.0036","0.0059","-2","49671","0.2167","0.6732","18"
"36",4,1,"Saint Joseph's College of Maine","Standish","ME","43.82651","-70.483486","41","1817","0.7853","0.6262","965","0.0209","0.6103","0.0165","0.0099","0.0055","0","30","44825","0.2452","0.6548","18"
"37",4,1,"University of Southern Maine","Portland","ME","43.662637","-70.276002","13","5783","0.8395","0.3239","998","0.0327","0.8148","0.0209","0.0242","0.0088","0.0102","-2","22083","0.3586","0.5564","18"
"38",4,1,"Thomas College","Waterville","ME","44.524046","-69.662923","41","851","0.7428","0.4305","NULL","0.0329","0.7521","0.0223","0.0024","0.0035","0.0329","-2","34202","0.3174","0.5534","20"
"39",3,1,"Unity College","Unity","ME","44.603165","-69.332276","43","585","0.931","0.5951","NULL","0.0103","0.9043","0.0239","0.0017","0.0171","0","-2","35580","0.4394","0.8698","22"
"40",4,1,"American International College","Springfield","MA","42.112708","-72.558507","12","1473","0.6757","0.3774","887","0.2512","0.4216","0.1045","0.019","0.0034","0.0027","-2","42762","0.5063","0.848","17"
"41",3,1,"Amherst College","Amherst","MA","42.372459","-72.518493","21","1792","0.1384","0.9406","1439","0.1239","0.4191","0.1311","0.1306","0.0033","0.096","-2","61544","0.219","0.1613","21"
"42",4,1,"Anna Maria College","Paxton","MA","42.33055","-71.918961","41","1108","0.7757","0.4","NULL","0.0794","0.7229","0.0596","0.0153","0.0027","0.0054","30","45599","0.35","0.7725","19"
"43",4,1,"Assumption College","Worcester","MA","42.295435","-71.828387","12","2193","0.813","0.7046","NULL","0.0483","0.6986","0.0711","0.021","0.0018","0.016","30","47428","0.2295","0.7268","19"
"44",4,1,"Bay Path University","Longmeadow","MA","42.055364","-72.583974","21","1574","0.6305","0.6319","951","0.1417","0.5756","0.1639","0.0146","0","0.0044","-2","41344","0.5425","0.9115","18"
"45",3,1,"Bay State College","Boston","MA","42.351965","-71.076956","11","1108","0.5041","0.3178","NULL","0.2301","0.4116","0.1173","0.065","0.0027","0.0036","-2","34570","0.5137","0.8242","23"
"46",3,1,"Becker College","Worcester","MA","42.26918","-71.811895","12","1975","0.6247","0.309","1015","0.0775","0.6937","0.1018","0.0167","0.001","0.0071","-2","45609","0.4301","0.836","22"
"47",4,1,"Bentley University","Waltham","MA","42.388798","-71.220148","13","4190","0.4611","0.8816","1247","0.0308","0.6048","0.0706","0.0847","0.0007","0.148","-2","56768","0.1589","0.4996","18"
"48",4,1,"Boston College","Chestnut Hill","MA","42.337688","-71.171488","13","9483","0.3391","0.9131","1380","0.0401","0.6075","0.1014","0.0952","0.0006","0.055","30","60690","0.1335","0.3903","15"
"49",4,1,"Boston University","Boston","MA","42.349581","-71.09984","11","16457","0.3451","0.847","1300","0.0342","0.4564","0.0971","0.1341","0.0007","0.1859","-2","61396","0.1424","0.3981","15"
"50",4,1,"Brandeis University","Waltham","MA","42.364947","-71.254716","13","3715","0.3522","0.9085","1369","0.0501","0.4853","0.0686","0.1281","0.0005","0.1787","-2","61023","0.1989","0.5061","15"
"51",4,1,"Bridgewater State University","Bridgewater","MA","41.987785","-70.966058","21","9500","0.7931","0.5915","991","0.0903","0.7828","0.0596","0.0178","0.0026","0.0037","-2","19877","0.2595","0.5402","18"
"52",4,1,"Cambridge College","Cambridge","MA","42.369193","-71.11084","12","1134","NULL","0.0294","NULL","0.3536","0.1728","0.2787","0.0265","0.0018","0.0732","-2","24440","0.3867","0.4962","18"
"53",4,1,"Clark University","Worcester","MA","42.251064","-71.823537","12","2239","0.5403","0.7782","NULL","0.038","0.6007","0.0598","0.0674","0.0004","0.1376","-2","48366","0.2298","0.5576","17"
"54",4,1,"Curry College","Milton","MA","42.240616","-71.114007","21","2843","0.8688","0.4496","948","0.0904","0.6862","0.0524","0.0169","0.0035","0.0137","-2","48778","0.2587","0.6406","19"
"55",3,1,"Dean College","Franklin","MA","42.08497","-71.399003","21","1256","0.6866","0.4316","857","0.1425","0.4857","0.0565","0.0183","0.004","0.0932","-2","47892","0.3169","0.6623","23"
"56",4,1,"Eastern Nazarene College","Quincy","MA","42.271214","-71.011238","21","1054","0.5287","0.4663","918","0.223","0.5323","0.1328","0.019","0.0047","0.0285","59","37563","0.4837","0.4989","20"
"57",4,1,"Emerson College","Boston","MA","42.35532","-71.074037","11","3757","0.4918","0.7966","1244","0.0266","0.6657","0.1017","0.0418","0.0008","0.054","-2","53499","0.1739","0.5741","18"
"58",4,1,"Emmanuel College","Boston","MA","42.341191","-71.103038","11","1967","0.693","0.6417","1093","0.0529","0.7194","0.0696","0.0346","0.0025","0.0147","30","51082","0.2224","0.6751","21"
"59",4,1,"Endicott College","Beverly","MA","42.554177","-70.840729","21","2781","0.7315","0.731","NULL","0.0302","0.8216","0.0428","0.0119","0.0014","0.0126","-2","45323","0.1729","0.6325","18"
"60",3,1,"Fisher College","Boston","MA","42.355253","-71.074125","11","1631","0.6557","0.32","NULL","0.0969","0.317","0.0944","0.0123","0.0037","0.0754","-2","41718","0.5948","0.7855","23"
"61",4,1,"Fitchburg State University","Fitchburg","MA","42.589345","-71.789354","22","4134","0.7231","0.5675","1004","0.074","0.7458","0.096","0.022","0.0007","0.0046","-2","17894","0.3576","0.7053","18"
"62",4,1,"Framingham State University","Framingham","MA","42.297289","-71.437175","13","4329","0.6226","0.514","1011","0.079","0.7501","0.0945","0.0268","0.0016","0.0058","-2","22097","0.2956","0.6431","18"
"63",4,1,"Gordon College","Wenham","MA","42.588173","-70.819133","21","1703","0.8837","0.716","1161","0.0382","0.754","0.0664","0.0346","0.0018","0.0669","42","44699","0.2222","0.693","21"
"64",3,1,"Hampshire College","Amherst","MA","42.324772","-72.532401","21","1358","0.6664","0.7481","NULL","0.0368","0.6834","0.095","0.0228","0.0007","0.0493","-2","60048","0.2366","0.5462","21"
"65",4,1,"Harvard University","Cambridge","MA","42.374429","-71.118177","12","7236","0.0596","0.9752","1501","0.0681","0.4527","0.0984","0.1801","0.0022","0.1036","-2","59950","0.1304","0.0404","15"
"66",3,1,"College of the Holy Cross","Worcester","MA","42.238942","-71.808627","12","2754","0.4334","0.924","NULL","0.0396","0.6932","0.1071","0.0497","0.0018","0.0145","30","57754","0.17","0.5161","21"
"67",4,1,"Lasell College","Newton","MA","42.342712","-71.243738","13","1727","0.7632","0.5655","974","0.0625","0.7446","0.0874","0.0197","0.0029","0.0382","-2","44737","0.3379","0.8411","19"
"68",4,1,"Lesley University","Cambridge","MA","42.378429","-71.115601","12","1727","0.7149","0.5826","1086","0.055","0.6833","0.0898","0.0365","0.0023","0.0197","-2","48818","0.2705","0.6366","17"
"69",4,1,"University of Massachusetts-Lowell","Lowell","MA","42.65372","-71.325081","21","12190","0.6201","0.5449","1145","0.0595","0.6564","0.0927","0.0848","0.0016","0.0244","-2","23628","0.2884","0.5744","16"
"70",4,1,"University of Massachusetts-Amherst","Amherst","MA","42.386162","-72.52617","21","21864","0.6139","0.7509","1217","0.0376","0.6793","0.0486","0.0838","0.0014","0.0279","-2","26207","0.2526","0.6041","15"
"71",4,1,"University of Massachusetts-Boston","Boston","MA","42.314541","-71.038653","11","12108","0.7077","0.4208","1050","0.1555","0.3864","0.1264","0.1198","0.0015","0.1169","-2","19355","0.3857","0.5523","16"
"72",4,1,"Massachusetts Institute of Technology","Cambridge","MA","42.360095","-71.092115","12","4476","0.0788","0.913","1500","0.0561","0.3677","0.1613","0.246","0.0018","0.0967","-2","59020","0.1826","0.1939","15"
"73",4,1,"Massachusetts Maritime Academy","Buzzards Bay","MA","41.740538","-70.623953","22","1395","0.616","0.7017","1105","0.0237","0.8832","0.0287","0.0272","0.0129","0.005","-2","22073","0.1897","0.7674","20"
"74",4,1,"Merrimack College","North Andover","MA","42.668352","-71.124216","21","2985","0.7777","0.6783","NULL","0.0325","0.6858","0.0573","0.0141","0.001","0.0586","30","47996","0.2313","0.6835","19"
"75",4,1,"Mount Holyoke College","South Hadley","MA","42.257588","-72.573625","21","2161","0.547","0.8027","NULL","0.0615","0.466","0.0773","0.1023","0.0005","0.2471","-2","55454","0.1947","0.4443","21"
"76",4,1,"Mount Ida College","Newton","MA","42.293205","-71.194658","13","1290","0.6849","0.4083","886","0.1085","0.5891","0.1109","0.0248","0.0023","0.062","-2","44219","0.3778","0.7713","22"
"77",3,1,"Newbury College","Brookline","MA","42.331032","-71.142082","21","871","0.7026","0.3467","NULL","0.3594","0.3731","0.1401","0.0563","0.0011","0.0321","-2","42593","0.5426","0.8015","22"
"78",4,1,"Massachusetts College of Liberal Arts","North Adams","MA","42.692427","-73.1035","31","1517","0.7227","0.5169","977","0.0936","0.7594","0.0725","0.0171","0.004","0","-2","20552","0.4623","0.8453","21"
"79",4,1,"Northeastern University","Boston","MA","42.339992","-71.088782","11","13492","0.3222","0.8162","1420","0.0336","0.4913","0.0675","0.1092","0.0004","0.1907","-2","57981","0.1321","0.441","15"
"80",4,1,"College of Our Lady of the Elms","Chicopee","MA","42.14179","-72.601541","21","1336","0.7897","0.7811","946","0.0734","0.5202","0.0876","0.0269","0.0075","0.0067","30","41625","0.4298","0.7506","20"
"81",4,1,"Pine Manor College","Chestnut Hill","MA","42.319568","-71.156973","21","401","0.6784","0.3533","780","0.2768","0.0673","0.1621","0.0249","0.0075","0.2793","-2","38346","0.5719","0.6358","21"
"82",4,1,"Salem State University","Salem","MA","42.502879","-70.889321","21","7180","0.7057","0.4598","984","0.0879","0.6843","0.1173","0.0325","0.0018","0.0368","-2","20484","0.334","0.5968","18"
"83",4,1,"Simmons College","Boston","MA","42.3393","-71.099967","11","1598","0.5216","0.6692","1170","0.0601","0.6752","0.0626","0.0964","0.0019","0.0332","-2","52348","0.2575","0.7154","18"
"84",3,1,"Bard College at Simon's Rock","Great Barrington","MA","42.209241","-73.380008","41","323","0.8939","0.5862","NULL","0.0557","0.5201","0.0248","0.0588","0.0031","0.1517","-2","60634","0.3255","0.5601","21"
"85",4,1,"Smith College","Northampton","MA","42.317933","-72.638094","21","2563","0.4221","0.8678","NULL","0.0476","0.4604","0.0933","0.1303","0.0016","0.1405","-2","60167","0.2222","0.518","21"
"86",4,1,"Springfield College","Springfield","MA","42.105033","-72.555688","12","2136","0.7087","0.6872","1025","0.0463","0.8305","0.0501","0.008","0.0028","0.0234","-2","45887","0.2336","0.802","18"
"87",4,1,"University of Massachusetts-Dartmouth","North Dartmouth","MA","41.628861","-71.005528","22","7185","0.7682","0.4745","1025","0.1267","0.6576","0.0788","0.0348","0.0021","0.0116","-2","24104","0.3831","0.7186","16"
"88",3,1,"Stonehill College","Easton","MA","42.061448","-71.078123","21","2274","0.7696","0.8202","NULL","0.0427","0.8391","0.0453","0.0224","0.0004","0.0079","30","51977","0.1532","0.6872","21"
"89",4,1,"Suffolk University","Boston","MA","42.359134","-71.06192","11","5274","0.8391","0.5453","1049","0.0559","0.3917","0.1147","0.0794","0.0013","0.2169","-2","46152","0.2955","0.5815","17"
"90",4,1,"Tufts University","Medford","MA","42.406994","-71.121689","21","5143","0.1724","0.923","1423","0.0402","0.575","0.0671","0.1102","0.0004","0.0811","-2","61000","0.1143","0.2886","15"
"91",3,1,"Wellesley College","Wellesley","MA","42.293765","-71.307966","21","2172","0.3011","0.9144","1390","0.0576","0.4153","0.093","0.2422","0.0005","0.1119","-2","59092","0.1795","0.3246","21"
"92",4,1,"Wentworth Institute of Technology","Boston","MA","42.336632","-71.094983","11","4295","0.8264","0.6371","1116","0.048","0.607","0.0328","0.065","0.0023","0.0624","-2","46112","0.266","0.7121","19"
"93",4,1,"Western New England University","Springfield","MA","42.115837","-72.518789","12","2722","0.8015","0.5946","1077","0.0577","0.7421","0.0805","0.0316","0.0018","0.0272","-2","47447","0.2681","0.748","19"
"94",4,1,"Westfield State University","Westfield","MA","42.131589","-72.795673","21","5429","0.7456","0.6269","997","0.0429","0.7849","0.0829","0.0116","0.0024","0.0033","-2","20536","0.3352","0.6244","19"
"95",3,1,"Wheaton College","Norton","MA","41.966813","-71.184167","21","1575","0.6963","0.7714","NULL","0.0571","0.6851","0.0724","0.0425","0.0006","0.0978","-2","58422","0.2116","0.633","21"
"96",4,1,"Wheelock College","Boston","MA","42.342503","-71.10582","11","867","0.8752","0.5513","963","0.1084","0.5975","0.1165","0.0346","0.0012","0.0219","-2","46164","0.3432","0.7784","19"
"97",4,1,"Williams College","Williamstown","MA","42.711669","-73.205888","31","2019","0.1932","0.9535","1452","0.0713","0.5557","0.1204","0.109","0.001","0.0713","-2","61850","0.1875","0.2634","21"
"98",4,1,"Worcester Polytechnic Institute","Worcester","MA","42.275067","-71.808792","12","4123","0.4378","0.8507","NULL","0.0235","0.6216","0.0791","0.0473","0.001","0.1307","-2","57637","0.1471","0.5793","16"
"99",4,1,"Worcester State University","Worcester","MA","42.267534","-71.844019","12","5063","0.613","0.5314","997","0.0695","0.7178","0.0914","0.0383","0.0055","0.0083","-2","18252","0.2783","0.534","18"
"100",3,1,"Colby-Sawyer College","New London","NH","43.411663","-71.975805","42","1351","0.9056","0.4973","NULL","0.0644","0.6351","0.0303","0.0155","0.0015","0.1029","-2","52655","0.355","0.7536","22"
"101",4,1,"Daniel Webster College","Nashua","NH","42.776362","-71.514293","13","644","0.6289","0.5336","NULL","0.0776","0.7189","0.0575","0.0404","0.0062","0.0016","-2","28612","0.4034","0.7864","20"
"102",4,1,"Dartmouth College","Hanover","NH","43.70408","-72.289951","33","4184","0.115","0.9516","1444","0.0679","0.4804","0.0815","0.1405","0.0217","0.082","-2","63279","0.1382","0.2437","16"
"103",4,1,"Franklin Pierce University","Rindge","NH","42.782305","-72.057875","41","1731","0.843","0.4557","949","0.0416","0.7579","0.0231","0.011","0.0035","0.0202","-2","45898","0.3202","0.8881","19"
"104",3,1,"Mount Washington College","Manchester","NH","42.971648","-71.470688","12","1504","NULL","0.2705","NULL","0.0725","0.6769","0.1981","0.0113","0.0053","0.0027","-2","17222","0.6003","0.7106","23"
"105",3,1,"Northeast Catholic College","Warner","NH","43.325164","-71.838691","42","61","1","0.7143","NULL","0","0.8525","0.1475","0","0","0","30","NULL","0","0","23"
"106",4,1,"New England College","Henniker","NH","43.177005","-71.822928","42","1700","0.9573","0.3633","NULL","0.2241","0.5818","0.0753","0.0165","0.0047","0.0306","-2","45772","0.5024","0.7689","18"
"107",4,1,"Southern New Hampshire University","Manchester","NH","43.039892","-71.453938","12","28035","0.8421","0.4991","NULL","0.056","0.2602","0.028","0.0071","0.0038","0.0175","-2","40893","0.4219","0.6687","18"
"108",4,1,"University of New Hampshire-Main Campus","Durham","NH","43.134235","-70.934512","23","12591","0.8002","0.7613","1104","0.0119","0.8125","0.0309","0.0212","0.0023","0.0183","-2","29916","0.225","0.6752","16"
"109",4,1,"Keene State College","Keene","NH","42.925999","-72.281433","32","4662","0.7859","0.6221","965","0.0099","0.8492","0.0324","0.012","0.0024","0.0004","-2","24692","0.2389","0.7282","20"
"110",3,1,"University of New Hampshire at Manchester","Manchester","NH","42.990331","-71.468764","12","718","0.7008","0.4667","1010","0.0167","0.7493","0.0404","0.0265","0.0014","0.0014","-2","21862","0.2753","0.5352","21"
"111",4,1,"Plymouth State University","Plymouth","NH","43.757386","-71.691164","33","3644","0.752","0.5777","NULL","0.0165","0.8032","0.0277","0.0162","0.0022","0.0134","-2","25668","0.2859","0.7611","18"
"112",4,1,"Rivier University","Nashua","NH","42.738343","-71.455466","13","1433","0.6256","0.5122","962","0.0272","0.7865","0.0468","0.0195","0.0042","0","30","41377","0.2753","0.6757","18"
"113",3,1,"Saint Anselm College","Manchester","NH","42.985066","-71.508177","22","1950","0.7609","0.754","NULL","0.0185","0.8021","0.0292","0.0062","0.0015","0.0062","30","49836","0.1747","0.7572","21"
"114",4,1,"Granite State College","Concord","NH","43.19291","-71.527241","31","1800","NULL","0.1351","NULL","0.0156","0.8461","0.0211","0.0094","0.005","0.0006","-2","17719","0.4794","0.6721","22"
"115",3,1,"Thomas More College of Liberal Arts","Merrimack","NH","42.807701","-71.48364","22","93","0.76","0.3125","NULL","0.0108","0.7634","0.0215","0.0215","0","0.043","30","31400","0.5","0.7125","21"
"116",4,1,"Brown University","Providence","RI","41.827605","-71.404467","12","6264","0.0874","0.9612","1435","0.0669","0.4355","0.1132","0.1285","0.0038","0.1157","-2","60460","0.158","0.2291","15"
"117",4,1,"Bryant University","Smithfield","RI","41.920149","-71.539147","21","3302","0.7508","0.7757","NULL","0.0421","0.7283","0.0654","0.0421","0.0036","0.0812","-2","52507","0.1664","0.6027","19"
"118",4,1,"Johnson & Wales University-Providence","Providence","RI","41.820558","-71.413322","12","8846","0.8115","0.5745","NULL","0.1064","0.5699","0.1083","0.0097","0.0017","0.0762","-2","40684","0.3374","0.7882","18"
"119",4,1,"New England Institute of Technology","East Greenwich","RI","41.661783","-71.502892","21","2841","NULL","0.4815","NULL","0.0461","0.6762","0.0989","0.0172","0.0063","0.0356","-2","31317","0.4738","0.7808","23"
"120",4,1,"Providence College","Providence","RI","41.844064","-71.43792","12","3936","0.6306","0.8632","NULL","0.0422","0.767","0.0765","0.0117","0.002","0.0206","30","57517","0.1272","0.5562","18"
"121",4,1,"Rhode Island College","Providence","RI","41.84266","-71.466915","21","7271","0.6545","0.426","918","0.0784","0.6315","0.1433","0.0297","0.004","0.0017","-2","15480","0.4136","0.575","18"
"122",4,1,"University of Rhode Island","Kingston","RI","41.484691","-71.527356","21","13205","0.7681","0.5887","1077","0.0513","0.704","0.0885","0.0298","0.0019","0.0101","-2","26452","0.2728","0.6714","16"
"123",4,1,"Roger Williams University","Bristol","RI","41.647314","-71.261836","21","4600","0.7794","0.6216","NULL","0.025","0.7313","0.0487","0.0222","0.0091","0.0489","-2","48826","0.1535","0.5663","19"
"124",4,1,"Salve Regina University","Newport","RI","41.471445","-71.301125","21","2081","0.7099","0.6745","NULL","0.0187","0.7823","0.0687","0.013","0.0024","0.0159","30","49636","0.196","0.7631","19"
"125",4,1,"Bennington College","Bennington","VT","42.92004","-73.237498","32","631","0.6721","0.6737","NULL","0.0127","0.691","0.0507","0.0269","0.0174","0.1284","-2","61920","0.2342","0.5703","21"
"126",4,1,"Burlington College","Burlington","VT","44.49116","-73.228261","13","178","0.7839","0.45","NULL","0.0618","0.7247","0.0449","0.0112","0","0.0169","-2","34048","0.467","0.7123","21"
"127",4,1,"Castleton University","Castleton","VT","43.607982","-73.181486","32","1890","0.9164","0.4858","967","0.0159","0.8534","0.0233","0.0063","0.0058","0.0169","-2","21255","0.2938","0.6399","22"
"128",4,1,"Champlain College","Burlington","VT","44.47295","-73.204354","13","2918","0.6417","0.5712","1150","0.0257","0.7207","0.0418","0.0154","0.0048","0.0099","-2","47556","0.255","0.628","19"
"129",4,1,"Goddard College","Plainfield","VT","44.27912","-72.437252","42","182","1","0.4444","NULL","0.0165","0.7802","0.0549","0.0275","0","0","-2","28070","0.5981","0.7033","19"
"130",4,1,"Green Mountain College","Poultney","VT","43.517134","-73.241107","42","558","0.6835","0.4795","NULL","0.0502","0.6004","0.0376","0.0108","0.0072","0.0323","71","45906","0.3847","0.7051","20"
"131",4,1,"Johnson State College","Johnson","VT","44.641736","-72.671154","42","1363","0.9546","0.3581","941","0.0249","0.8401","0.0264","0.0103","0.0103","0.0066","-2","20913","0.2813","0.4287","20"
"132",4,1,"Lyndon State College","Lyndonville","VT","44.53433","-72.024563","33","1266","0.9914","0.3732","937","0.0371","0.8381","0.0355","0.0032","0.0095","0.0063","-2","20369","0.311","0.5668","22"
"133",3,1,"Marlboro College","Marlboro","VT","42.839603","-72.736552","42","199","0.816","0.5904","NULL","0","0.7337","0.005","0.0151","0.0101","0.0151","-2","51660","0.3423","0.6231","21"
"134",4,1,"Middlebury College","Middlebury","VT","44.009117","-73.176068","32","2498","0.1717","0.941","1379","0.0292","0.6501","0.0881","0.0677","0.0028","0.1001","-2","59470","0.1134","0.2361","21"
"135",4,1,"Norwich University","Northfield","VT","44.139402","-72.660129","32","2584","0.6574","0.5766","1053","0.0364","0.7833","0.0724","0.0221","0.0043","0.0135","-2","49516","0.2586","0.6445","18"
"136",4,1,"Saint Michael's College","Colchester","VT","44.494212","-73.163136","22","2038","0.8046","0.7919","NULL","0.0236","0.8611","0.0451","0.0201","0.0015","0.028","30","50806","0.1682","0.6456","21"
"137",4,1,"College of St Joseph","Rutland","VT","43.599777","-73.007033","32","230","0.6558","0.4651","NULL","0.2261","0.6652","0.1","0","0","0.0087","30","33800","0.6193","0.7216","22"
"138",3,1,"Southern Vermont College","Bennington","VT","42.867031","-73.21866","41","441","0.9373","0.3588","849","0.1338","0.5941","0.0975","0.0068","0.0091","0.0023","-2","35500","0.4625","0.8375","22"
"139",3,1,"Sterling College","Craftsbury Common","VT","44.65225","-72.382372","43","113","0.9853","0.5185","NULL","0.0265","0.7257","0.0265","0.0088","0","0.0265","-2","41092","0.5086","0.6207","21"
"140",3,1,"Vermont Technical College","Randolph Center","VT","43.939321","-72.605179","43","1336","0.8319","0.5464","NULL","0.015","0.89","0.015","0.009","0.0075","0.0262","-2","23703","0.2806","0.4556","23"
"141",4,1,"University of Vermont","Burlington","VT","44.479262","-73.198128","13","9958","0.7344","0.7558","1191","0.0113","0.8305","0.0437","0.0248","0.0022","0.0269","-2","28348","0.1844","0.4617","16"
"142",4,1,"Antioch University-New England","Keene","NH","42.932344","-72.293798","32","NULL","NULL","NULL","NULL","NULL","NULL","NULL","NULL","NULL","NULL","-2","NULL","NULL","NULL","18"
"143",3,1,"ITT Technical Institute-Wilmington","Wilmington","MA","42.5875","-71.158041","21","347","0.9293","0.4026","NULL","0.1239","0.4928","0.2594","0.0605","0.0115","0","-2","26655","0.6501","0.8263","23"
"144",4,1,"Marlboro College Graduate & Professional Studies","Brattleboro","VT","42.850323","-72.55636","32","7","NULL","NULL","NULL","0","1","0","0","0","0","-2","NULL","0.2143","0.6429","20"
"145",4,1,"Vermont College of Fine Arts","Montpelier","VT","44.25521","-72.567616","32","NULL","NULL","NULL","NULL","NULL","NULL","NULL","NULL","NULL","NULL","-2","NULL","NULL","NULL","19"
"146",4,1,"Institute for Doctoral Studies in the Visual Arts","Portland","ME","43.65405","-70.272161","13","NULL","NULL","NULL","NULL","NULL","NULL","NULL","NULL","NULL","NULL","-2","NULL","NULL","NULL","21"
"147",4,1,"Northeastern University Global Network","Boston","MA","42.26599","-71.115961","11","1976","NULL","NULL","NULL","0.1589","0.413","0.0997","0.042","0.0025","0.1857","-2","NULL","0.1571","0.3089","18"
